{
  "hyperparameters": {
    "n_actions": 15,
    "lr": 0.1,
    "gamma": 0.95,
    "epsilon": 0.9511101304657719,
    "epsilon_min": 0.05,
    "epsilon_decay": 0.995
  },
  "q_table": {
    "(np.int64(0), np.int64(0), np.int64(0), np.int64(0), np.int64(0), np.int64(0), np.int64(0), np.int64(0), np.int64(0))": [
      0.0401733676464191,
      3.0233081503107937,
      3.4209647908992795,
      -11.405977425308896,
      -0.5243567724215588,
      -7.643328664555496,
      -10.593504576549966,
      2.8883006326780887,
      0.7041194033543512,
      4.005171476891354,
      6.021672884044381,
      7.56228119835256,
      1.4617522342072358,
      4.617337088548983,
      -6.696228402219893
    ],
    "(np.int64(4), np.int64(0), np.int64(0), np.int64(0), np.int64(0), np.int64(0), np.int64(0), np.int64(0), np.int64(0))": [
      0.11493921381458976,
      0.07562523557354059,
      0.023648269389700206,
      -8.604845963931215,
      -14.753032994923707,
      -6.624628918446584,
      -5.268420158762184,
      0.10968639464790006,
      0.16763249057128604,
      0.009106450625,
      0.07870067399941871,
      0.009106450625,
      0.2593458238084791,
      0.11490796249583975,
      0.0129886743125
    ],
    "(np.int64(3), np.int64(0), np.int64(0), np.int64(0), np.int64(0), np.int64(0), np.int64(0), np.int64(0), np.int64(0))": [
      1.6882567320143638,
      0.09194417836257188,
      0.8883819219046769,
      0.08521142157633411,
      6.021251315546859,
      -1.4279811250230485,
      -3.7430540938368253,
      0.13271860869132188,
      1.6411949774486718,
      0.5720188749769516,
      0.0,
      0.6665940709250024,
      0.1107939608275984,
      0.03260826782567558,
      0.061955708868783606
    ]
  }
}